axis,drop_rate_ci,drop_rate_mean,drop_rate_sd,effect_drop,effect_p95,effect_throughput,effect_trips,files,p95_s_ci,p95_s_mean,p95_s_sd,point,repeats,stage,stuck_fraction_ci,stuck_fraction_mean,stuck_fraction_sd,success_ci,success_mean,success_sd,throughput_per_min_ci,throughput_per_min_mean,throughput_per_min_sd,trips_per_arm_hour_ci,trips_per_arm_hour_mean,trips_per_arm_hour_sd,value
action_latency_steps,[0.015745067994620936;0.020449163366529806],0.01809711568057537,0.0009467501961184966,{"delta":0.012754008484383423;"rel":2.3870021723451953;"mean_ref":0.005343107196191947;"mean":0.01809711568057537;"n_ref":3;"n":3;"se":0.0005685380989771818;"lo":0.01030758904448461;"hi":0.015200427924282237;"df":2;"cohens_d":18.316458192259553;"separated":true},{"delta":0.6799994707107544;"rel":0.46363625649572454;"mean_ref":1.4666658639907837;"mean":2.146665334701538;"n_ref":3;"n":3;"se":0.018856162848985905;"lo":0.598861401971568;"hi":0.7611375394499408;"df":2;"cohens_d":29.444868890589493;"separated":true},{"delta":-15.083820343017578;"rel":-0.2700123536398237;"mean_ref":55.86344528198242;"mean":40.779624938964844;"n_ref":3;"n":3;"se":0.2642296926624851;"lo":-15.924599225069606;"hi":-14.24304146096555;"df":3;"cohens_d":-46.610536512009965;"separated":true},{"delta":67.08984613418579;"rel":29.234041567345304;"mean_ref":2.2949220339457193;"mean":69.38476816813152;"n_ref":3;"n":3;"se":0.36539843283093154;"lo":65.51753667771429;"hi":68.66215559065729;"df":2;"cohens_d":149.91479180447328;"separated":true},["action_latency_steps__1__r0.json";"action_latency_steps__1__r1.json";"action_latency_steps__1__r2.json"],[2.070767621139901;2.2225630482631753],2.146665334701538,0.030550475497807313,action_latency_steps__1,3,s2,[0.05171878876104725;0.08324865756616223],0.06748372316360474,0.006345727948691628,[0.9865079273152683;0.9925710410507188],0.9895394841829935,0.0012202673764663194,[39.94393409078803;41.61531578714166],40.779624938964844,0.3363836877672744,[67.91400605355565;70.85553028270738],69.38476816813152,0.5920136435725848,1.0
action_latency_steps,[0.0431939418719754;0.05188674920732326],0.04754034553964933,0.0017495217249860473,{"delta":0.042197238343457386;"rel":7.897509219641245;"mean_ref":0.005343107196191947;"mean":0.04754034553964933;"n_ref":3;"n":3;"se":0.001022121493481981;"lo":0.03779904955700442;"hi":0.04659542712991035;"df":2;"cohens_d":33.70822456208596;"separated":true},{"delta":1.927996357282003;"rel":1.3145436902962637;"mean_ref":1.4666658639907837;"mean":3.3946622212727866;"n_ref":3;"n":3;"se":0.009976844146049664;"lo":1.896250039209273;"hi":1.959742675354733;"df":3;"cohens_d":157.78560942892668;"separated":true},{"delta":-38.82405726114909;"rel":-0.6949814331210069;"mean_ref":55.86344528198242;"mean":17.039388020833332;"n_ref":3;"n":3;"se":0.2639748339875377;"lo":-39.66402518289744;"hi":-37.98408933940075;"df":3;"cohens_d":-120.08610643909729;"separated":true},{"delta":376.3183795611063;"rel":163.97872084311828;"mean_ref":2.2949220339457193;"mean":378.61330159505206;"n_ref":3;"n":3;"se":5.551390309664555;"lo":352.4307470586198;"hi":400.2060120635929;"df":2;"cohens_d":55.34877807402306;"separated":true},["action_latency_steps__2__r0.json";"action_latency_steps__2__r1.json";"action_latency_steps__2__r2.json"],[3.3627233332859197;3.4266011092596536],3.3946622212727866,0.012856094987335491,action_latency_steps__2,3,s2,[0.17217174291880186;0.22694446523714804],0.19955810407797495,0.011023604220803788,[0.908640627075142;0.9255086938451663],0.9170746604601542,0.0033948813236284146,[16.20518981794524;17.873586223721425],17.039388020833332,0.3357828656715846,[354.7321380818433;402.49446510826084],378.61330159505206,9.612686160524682,2.0
action_latency_steps,[0.04532542148926507;0.056015304528686895],0.05067036300897598,0.002151454863031305,{"delta":0.04532725581278404;"rel":8.483313949809757;"mean_ref":0.005343107196191947;"mean":0.05067036300897598;"n_ref":3;"n":3;"se":0.0012519489877488889;"lo":0.03994011931850057;"hi":0.05071439230706751;"df":2;"cohens_d":29.561547440140423;"separated":true},{"delta":2.769330382347107;"rel":1.8881808395074975;"mean_ref":1.4666658639907837;"mean":4.235996246337891;"n_ref":3;"n":3;"se":0.07864279979249943;"lo":2.430930414839982;"hi":3.107730349854232;"df":2;"cohens_d":28.752139987535678;"separated":true},{"delta":-49.325359185536705;"rel":-0.8829630706906214;"mean_ref":55.86344528198242;"mean":6.53808609644572;"n_ref":3;"n":3;"se":0.1801140456082773;"lo":-50.10038992378912;"hi":-48.550328447284286;"df":2;"cohens_d":-223.60270123304528;"separated":true},{"delta":842.2851764361064;"rel":367.02125997193184;"mean_ref":2.2949220339457193;"mean":844.5800984700521;"n_ref":3;"n":3;"se":7.717782406289748;"lo":809.0755587418416;"hi":875.4947941303712;"df":2;"cohens_d":89.10888264557899;"separated":true},["action_latency_steps__3__r0.json";"action_latency_steps__3__r1.json";"action_latency_steps__3__r2.json"],[3.89881437444383;4.573178118231951],4.235996246337891,0.13572301499225964,action_latency_steps__3,3,s2,[0.1439208405349371;0.15454053708575993],0.1492306888103485,0.002137329071228107,[0.7387901366539124;0.7767015873603699],0.7577458620071411,0.007630090496424274,[6.458540620009337;6.617631572882102],6.53808609644572,0.03201877915409872,[811.3751336067974;877.7850633333069],844.5800984700521,13.365718384080106,3.0
action_latency_steps,[0.03796261771725174;0.04859109248512431],0.043276855101188026,0.0021390957825841413,{"delta":0.03793374790499608;"rel":7.0995670706422676;"mean_ref":0.005343107196191947;"mean":0.043276855101188026;"n_ref":3;"n":3;"se":0.0012448696776750851;"lo":0.03257707368196019;"hi":0.043290422128031976;"df":2;"cohens_d":24.880335686260953;"separated":true},{"delta":2.585663914680481;"rel":1.7629536339278493;"mean_ref":1.4666658639907837;"mean":4.052329778671265;"n_ref":3;"n":3;"se":0.046215710748369804;"lo":2.386797711330246;"hi":2.784530118030716;"df":2;"cohens_d":45.68112686310426;"separated":true},{"delta":-53.39762489000956;"rel":-0.9558598582753692;"mean_ref":55.86344528198242;"mean":2.46582039197286;"n_ref":3;"n":3;"se":0.17945096518549217;"lo":-54.16980239320273;"hi":-52.62544738681639;"df":2;"cohens_d":-242.95761300189898;"separated":true},{"delta":1262.4023842811584;"rel":550.0850859454589;"mean_ref":2.2949220339457193;"mean":1264.6973063151042;"n_ref":3;"n":3;"se":3.947539000001483;"lo":1245.4161239641521;"hi":1279.3886445981648;"df":2;"cohens_d":261.1113482400523;"separated":true},["action_latency_steps__4__r0.json";"action_latency_steps__4__r1.json";"action_latency_steps__4__r2.json"],[3.855543489616116;4.249116067726414],4.052329778671265,0.07921074851881309,action_latency_steps__4,3,s2,[0.09484374003974343;0.10476997517180696],0.09980685760577519,0.0019977624420879827,[0.5546433178758834;0.6039189052406735],0.5792811115582784,0.00991724621062227,[2.4220832907537972;2.5095574931919225],2.46582039197286,0.01760513164936077,[1247.7201444872878;1281.6744681429207],1264.6973063151042,6.8336757736688325,4.0
cam_yaw_deg,[0.04793961361409457;0.07806084538140662],0.0630002294977506,0.006062224472175476,{"delta":0.05765712230155865;"rel":10.790934971817729;"mean_ref":0.005343107196191947;"mean":0.0630002294977506;"n_ref":3;"n":3;"se":0.0035035190084237015;"lo":0.04258148000831147;"hi":0.07273276459480583;"df":2;"cohens_d":13.437016643028043;"separated":true},{"delta":2.6366642713546753;"rel":1.7977266234180547;"mean_ref":1.4666658639907837;"mean":4.103330135345459;"n_ref":3;"n":3;"se":0.33968907666004566;"lo":1.1749821744864988;"hi":4.098346368222852;"df":2;"cohens_d":6.337640832560227;"separated":true},{"delta":-52.851563692092896;"rel":-0.9460849295154206;"mean_ref":55.86344528198242;"mean":3.0118815898895264;"n_ref":3;"n":3;"se":0.18943831448045498;"lo":-53.6667167593023;"hi":-52.036410624883494;"df":2;"cohens_d":-227.79510665320058;"separated":true},{"delta":1.3671873410542807;"rel":0.5957445703301911;"mean_ref":2.2949220339457193;"mean":3.662109375;"n_ref":3;"n":3;"se":0.4657906215263651;"lo":-0.6371097033736683;"hi":3.37148438548223;"df":2;"cohens_d":2.3965785008732796;"separated":false},["cam_yaw_deg__m4__r0.json";"cam_yaw_deg__m4__r1.json";"cam_yaw_deg__m4__r2.json"],[2.6419295643074876;5.564730706383431],4.103330135345459,0.5882454193000085,cam_yaw_deg__m4,3,s2,[0.725848161908537;0.7428280078048012],0.7343380848566691,0.003417378084710591,[0.6111011593307125;0.708186617616309],0.6596438884735107,0.019539501095370886,[2.7470621031324276;3.276701076646625],3.0118815898895264,0.10659558584652762,[1.7364430453715838;5.587775704628417],3.662109375,0.7751224544134543,-4.0
cam_yaw_deg,[0.006569494940291729;0.008647831951627247],0.007608663445959489,0.00041828785717917404,{"delta":0.002265556249767542;"rel":0.42401474770751607;"mean_ref":0.005343107196191947;"mean":0.007608663445959489;"n_ref":3;"n":3;"se":0.00028771253453108175;"lo":0.0013500549648896398;"hi":0.003181057534645444;"df":3;"cohens_d":6.429399869037691;"separated":true},{"delta":0.3533329963684082;"rel":0.24090899300471377;"mean_ref":1.4666658639907837;"mean":1.819998860359192;"n_ref":3;"n":3;"se":0.013333320617675781;"lo":0.31090637016296385;"hi":0.39575962257385255;"df":3;"cohens_d":21.63715939458474;"separated":true},{"delta":-5.311686197916664;"rel":-0.0950833979376821;"mean_ref":55.86344528198242;"mean":50.55175908406576;"n_ref":3;"n":3;"se":0.2213853715965018;"lo":-6.016134450336733;"hi":-4.607237945496595;"df":3;"cohens_d":-19.590154436511465;"separated":true},{"delta":1.3671875794728598;"rel":0.5957446742198116;"mean_ref":2.2949220339457193;"mean":3.662109613418579;"n_ref":3;"n":3;"se":0.28471456384111943;"lo":0.14206081126452297;"hi":2.5923143476811967;"df":2;"cohens_d":3.920782867817678;"separated":true},["cam_yaw_deg__m1p5__r0.json";"cam_yaw_deg__m1p5__r1.json";"cam_yaw_deg__m1p5__r2.json"],[1.7703121435777236;1.8696855771406602],1.819998860359192,0.019999980926513672,cam_yaw_deg__m1p5,3,s2,[0.014907545550032373;0.03394065255585917],0.024424099052945774,0.003830619144781218,[0.9958519568704614;0.9967211454448055],0.9962865511576334,0.0001749336244622665,[49.992168080636155;51.11135008749536],50.55175908406576,0.22524751322298928,[2.5703588319017676;4.753860394935391],3.662109613418579,0.4394533634185791,-1.5
cam_yaw_deg,[0.005056338976403563;0.0067527185796891764],0.0059045287780463696,0.00034141478756846596,{"delta":0.0005614215818544226;"rel":0.10507398808216872;"mean_ref":0.005343107196191947;"mean":0.0059045287780463696;"n_ref":3;"n":3;"se":0.0002516179864303374;"lo":-0.00023922685096691102;"hi":0.0013620700146757562;"df":3;"cohens_d":1.8218045877657603;"separated":false},{"delta":0.1399998664855957;"rel":0.09545450666224509;"mean_ref":1.4666658639907837;"mean":1.6066657304763794;"n_ref":3;"n":3;"se":0.00942808142449295;"lo":0.11382751245120327;"hi":0.16617222051998815;"df":4;"cohens_d":12.12435565298214;"separated":true},{"delta":-3.331707000732422;"rel":-0.05964019913048567;"mean_ref":55.86344528198242;"mean":52.53173828125;"n_ref":3;"n":3;"se":0.2345323012715382;"lo":-4.077988783378457;"hi":-2.5854252180863875;"df":3;"cohens_d":-11.598945475751055;"separated":true},{"delta":2.8320312500000004;"rel":1.2340424677220145;"mean_ref":2.2949220339457193;"mean":5.12695328394572;"n_ref":3;"n":3;"se":0.21283696275540687;"lo":2.154784034512296;"hi":3.509278465487705;"df":3;"cohens_d":10.864390295603071;"separated":true},["cam_yaw_deg__1p5__r0.json";"cam_yaw_deg__1p5__r1.json";"cam_yaw_deg__1p5__r2.json"],[1.57797909116745;1.6353523697853087],1.6066657304763794,0.01154699437171005,cam_yaw_deg__1p5,3,s2,[0.021460637337030773;0.034219702198046646],0.027840169767538708,0.0025679001390130404,[0.9939882451570443;0.9974696145180453],0.9957289298375448,0.0007006633294407678,[51.88048999968278;53.18298656281722],52.53173828125,0.26214155519785076,[4.3991192321636365;5.854787335727803],5.12695328394572,0.2929689884186114,1.5
cam_yaw_deg,[0.05259836498659054;0.07863746798275709],0.06561791648467381,0.005240651797917666,{"delta":0.06027480928848187;"rel":11.280853457598598;"mean_ref":0.005343107196191947;"mean":0.06561791648467381;"n_ref":3;"n":3;"se":0.0030297305734522015;"lo":0.047237878630917045;"hi":0.07331173994604669;"df":2;"cohens_d":16.24374659956628;"separated":true},{"delta":5.652657707532247;"rel":3.854086909851041;"mean_ref":1.4666658639907837;"mean":7.11932357152303;"n_ref":3;"n":3;"se":0.10170434890277041;"lo":5.215023894203625;"hi":6.090291520860868;"df":2;"cohens_d":45.38031796228445;"separated":true},{"delta":-46.879883448282875;"rel":-0.8391871144296035;"mean_ref":55.86344528198242;"mean":8.983561833699545;"n_ref":3;"n":3;"se":0.2278301042666582;"lo":-47.60483884005938;"hi":-46.15492805650637;"df":3;"cohens_d":-168.00793149360354;"separated":true},{"delta":23.632812976837158;"rel":10.29787183497674;"mean_ref":2.2949220339457193;"mean":25.92773501078288;"n_ref":3;"n":3;"se":1.226549110458639;"lo":18.354972154533634;"hi":28.910653799140682;"df":2;"cohens_d":15.732032927794153;"separated":true},["cam_yaw_deg__4__r0.json";"cam_yaw_deg__4__r1.json";"cam_yaw_deg__4__r2.json"],[6.682630966486364;7.556016176559696],7.11932357152303,0.17577824290334987,cam_yaw_deg__4,3,s2,[0.5630369880695484;0.6038488647441723],0.5834429264068604,0.008213832669379926,[0.8107490267561692;0.8202312264634353],0.8154901266098022,0.0019083954985474507,[8.37796566303498;9.58915800436411],8.983561833699545,0.2437655906251869,[20.67925066610436;31.1762193554614],25.92773501078288,2.112628758473864,4.0
gripper_rate_scale,[0.016201456154742565;0.019766795371613178],0.01798412576317787,0.0007175631733485629,{"delta":0.012641018566985924;"rel":2.3658553165460026;"mean_ref":0.005343107196191947;"mean":0.01798412576317787;"n_ref":3;"n":3;"se":0.00044281963365890156;"lo":0.010735565683351671;"hi":0.014546471450620177;"df":2;"cohens_d":23.308244835725407;"separated":true},{"delta":4.391324241956075;"rel":2.9940863490252125;"mean_ref":1.4666658639907837;"mean":5.857990105946858;"n_ref":3;"n":3;"se":0.12842769120677686;"lo":3.838699886693314;"hi":4.943948597218835;"df":2;"cohens_d":27.91844341053586;"separated":true},{"delta":-38.00130208333333;"rel":-0.6802534625552329;"mean_ref":55.86344528198242;"mean":17.86214319864909;"n_ref":3;"n":3;"se":0.1890970753755959;"lo":-38.81498679867452;"hi":-37.18761736799214;"df":2;"cohens_d":-164.08468063408068;"separated":true},{"delta":2.8808595339457193;"rel":1.2553191312528307;"mean_ref":2.2949220339457193;"mean":5.1757815678914385;"n_ref":3;"n":3;"se":0.7963627088136943;"lo":-0.5458892020796071;"hi":6.307608269971046;"df":2;"cohens_d":2.9536942571101887;"separated":false},["gripper_rate_scale__0p35__r0.json";"gripper_rate_scale__0p35__r1.json";"gripper_rate_scale__0p35__r2.json"],[5.306110812301281;6.409869399592436],5.857990105946858,0.22214338281184381,gripper_rate_scale__0p35,3,s2,[0.28228141619437136;0.29270826028115354],0.28749483823776245,0.0020985154219039927,[0.861746545977487;0.8725309408236605],0.8671387434005737,0.002170476388851543,[17.601878614878505;18.122407782419675],17.86214319864909,0.10476213862454575,[1.7944222154100822;8.557140920372795],5.1757815678914385,1.3610704618047662,0.35
gripper_rate_scale,[0.010717773356572233;0.01592452186491545],0.013321147610743841,0.0010479145896681284,{"delta":0.007978040414551895;"rel":1.4931462389970156;"mean_ref":0.005343107196191947;"mean":0.013321147610743841;"n_ref":3;"n":3;"se":0.0006248988620448042;"lo":0.005289100611173103;"hi":0.010666980217930687;"df":2;"cohens_d":10.42415519796193;"separated":true},{"delta":1.9333316087722778;"rel":1.3181813637577282;"mean_ref":1.4666658639907837;"mean":3.3999974727630615;"n_ref":3;"n":3;"se":0.013333320617675781;"lo":1.8909049825668336;"hi":1.975758234977722;"df":3;"cohens_d":118.39201153457553;"separated":true},{"delta":-25.684406916300457;"rel":-0.4597712652102469;"mean_ref":55.86344528198242;"mean":30.179038365681965;"n_ref":3;"n":3;"se":0.1864998837567047;"lo":-26.486915916105556;"hi":-24.881897916495358;"df":2;"cohens_d":-112.4463458522764;"separated":true},{"delta":4.101562658945719;"rel":1.7872339880295607;"mean_ref":2.2949220339457193;"mean":6.3964846928914385;"n_ref":3;"n":3;"se":0.218366093395794;"lo":3.4067217497603024;"hi":4.796403568131136;"df":3;"cohens_d":15.336226588163694;"separated":true},["gripper_rate_scale__0p5__r0.json";"gripper_rate_scale__0p5__r1.json";"gripper_rate_scale__0p5__r2.json"],[3.3503107559815932;3.44968418954453],3.3999974727630615,0.019999980926513672,gripper_rate_scale__0p5,3,s2,[0.1047535095836976;0.11572337605294995],0.11023844281832378,0.002207804563907889,[0.9533777384614642;0.9624144485934877],0.957896093527476,0.0018187358914637424,[29.956158280538435;30.401918450825494],30.179038365681965,0.08971406727024613,[5.6389311357359775;7.1540382500468995],6.3964846928914385,0.30493173377824584,0.5
gripper_rate_scale,[0.004708089339337362;0.009121452674168732],0.006914771006753047,0.0008882372214954157,{"delta":0.0015716638105611;"rel":0.29414790923177264;"mean_ref":0.005343107196191947;"mean":0.006914771006753047;"n_ref":3;"n":3;"se":0.0005361393282115038;"lo":-0.0007353437187330009;"hi":0.003878671339855201;"df":2;"cohens_d":2.393516125690264;"separated":false},{"delta":0.6266661882400513;"rel":0.42727263491010736;"mean_ref":1.4666658639907837;"mean":2.093332052230835;"n_ref":3;"n":3;"se":0.014907105633461265;"lo":0.5625209126992674;"hi":0.6908114637808351;"df":2;"cohens_d":34.32395346635833;"separated":true},{"delta":-11.446125030517578;"rel":-0.20489472091706604;"mean_ref":55.86344528198242;"mean":44.417320251464844;"n_ref":3;"n":3;"se":0.2132126659932585;"lo":-12.124567733708126;"hi":-10.76768232732703;"df":3;"cohens_d":-43.83286475384331;"separated":true},{"delta":1.5624999205271406;"rel":0.6808509820443415;"mean_ref":2.2949220339457193;"mean":3.85742195447286;"n_ref":3;"n":3;"se":0.4528133816759424;"lo":-0.38595606082443945;"hi":3.5109559018787206;"df":2;"cohens_d":2.8174428902440605;"separated":false},["gripper_rate_scale__0p7__r0.json";"gripper_rate_scale__0p7__r1.json";"gripper_rate_scale__0p7__r2.json"],[2.0359587736129763;2.1507053308486936],2.093332052230835,0.0230939887434201,gripper_rate_scale__0p7,3,s2,[0.02878864597864903;0.03876452404669963],0.03377658501267433,0.0020077536211916907,[0.989407519800367;0.9939137892892936],0.9916606545448303,0.0009069355923098398,[43.91995030219353;44.91469020073616],44.417320251464844,0.20020218970389803,[1.989946417276532;5.7248974916691875],3.85742195447286,0.7516993986325872,0.7
gripper_rate_scale,[0.011178551597625994;0.013020177326370294],0.012099364461998144,0.00037064714509774463,{"delta":0.006756257265806197;"rel":1.264480950451716;"mean_ref":0.005343107196191947;"mean":0.012099364461998144;"n_ref":3;"n":3;"se":0.00026504721735599;"lo":0.005912877020179437;"hi":0.007599637511432958;"df":3;"cohens_d":20.81312534584961;"separated":true},{"delta":0.12666654586791992;"rel":0.08636360126584079;"mean_ref":1.4666658639907837;"mean":1.5933324098587036;"n_ref":3;"n":3;"se":0.00942808142449295;"lo":0.1004941918335275;"hi":0.15283889990231236;"df":4;"cohens_d":10.96965511460289;"separated":true},{"delta":-0.8382148742675781;"rel":-0.015004711400031153;"mean_ref":55.86344528198242;"mean":55.025230407714844;"n_ref":3;"n":3;"se":0.273017693498606;"lo":-1.7069571749801424;"hi":0.030527426444986183;"df":3;"cohens_d":-2.506795695736606;"separated":false},{"delta":2.2460937500000004;"rel":0.9787233364691841;"mean_ref":2.2949220339457193;"mean":4.54101578394572;"n_ref":3;"n":3;"se":0.7042093795160287;"lo":-0.784119210057471;"hi":5.276306710057472;"df":2;"cohens_d":2.6042366385101414;"separated":false},["gripper_rate_scale__1p5__r0.json";"gripper_rate_scale__1p5__r1.json";"gripper_rate_scale__1p5__r2.json"],[1.5646457705497743;1.622019049167633],1.5933324098587036,0.01154699437171005,gripper_rate_scale__1p5,3,s2,[0.013377093533383238;0.03799606163332221],0.025686577583352726,0.004954834252732016,[0.9962513654804305;0.9968057265504126],0.9965285460154215,0.00011157117580142071,[54.13877767513538;55.91168314029431],55.025230407714844,0.35681644697557513,[1.5622283202178644;7.519803247673575],4.54101578394572,1.1990265470894443,1.5
obs_latency_steps,[0.0030406190238231583;0.005204255397683962],0.00412243721075356,0.0004354552787161284,{"delta":-0.0012206699854383869;"rel":-0.2284569522221757;"mean_ref":0.005343107196191947;"mean":0.00412243721075356;"n_ref":3;"n":3;"se":0.0002960811126910399;"lo":-0.002162800086021276;"hi":-0.00027853988485549797;"df":3;"cohens_d":-3.3662156308888447;"separated":true},{"delta":0.09999990463256836;"rel":0.0681817904730322;"mean_ref":1.4666658639907837;"mean":1.566665768623352;"n_ref":3;"n":3;"se":0.00942808142449295;"lo":0.07382755059817593;"hi":0.1261722586669608;"df":4;"cohens_d":8.660254037844386;"separated":true},{"delta":-2.6049817403157576;"rel":-0.04663124028900415;"mean_ref":55.86344528198242;"mean":53.258463541666664;"n_ref":3;"n":3;"se":0.23009938879931516;"lo":-3.337157995475178;"hi":-1.8728054851563367;"df":3;"cohens_d":-9.243652038563363;"separated":true},{"delta":0.4394530455271406;"rel":0.19148931380974957;"mean_ref":2.2949220339457193;"mean":2.73437507947286;"n_ref":3;"n":3;"se":0.3009967968270403;"lo":-0.8557361712196137;"hi":1.7346422622738948;"df":2;"cohens_d":1.1920788291888975;"separated":false},["obs_latency_steps__1__r0.json";"obs_latency_steps__1__r1.json";"obs_latency_steps__1__r2.json"],[1.5379791293144227;1.5953524079322814],1.566665768623352,0.01154699437171005,obs_latency_steps__1,3,s2,[0.004157908409511715;0.017279266541525055],0.010718587475518385,0.0026408155878403622,[0.996963866372049;0.999033840677003],0.997998853524526,0.0004166047718501434,[52.63718434674825;53.87974273658508],53.258463541666664,0.25007834796285816,[1.5645463407512317;3.904203818194488],2.73437507947286,0.4708814342598366,1.0
obs_latency_steps,[0.004562950181145154;0.008889674100102303],0.006726312140623729,0.0008708000996929245,{"delta":0.0013832049444317818;"rel":0.25887651017325597;"mean_ref":0.005343107196191947;"mean":0.006726312140623729;"n_ref":3;"n":3;"se":0.0005265179926462023;"lo":-0.0008824019779248267;"hi":0.0036488118667883903;"df":2;"cohens_d":2.145001925147451;"separated":false},{"delta":0.3533329963684082;"rel":0.24090899300471377;"mean_ref":1.4666658639907837;"mean":1.819998860359192;"n_ref":3;"n":3;"se":0.013333320617675781;"lo":0.31090637016296385;"hi":0.39575962257385255;"df":3;"cohens_d":21.63715939458474;"separated":true},{"delta":-7.717286427815758;"rel":-0.1381455509745441;"mean_ref":55.86344528198242;"mean":48.146158854166664;"n_ref":3;"n":3;"se":0.19529448267580773;"lo":-8.557638586769759;"hi":-6.876934268861757;"df":2;"cohens_d":-32.26480285575455;"separated":true},{"delta":3.5156250000000004;"rel":1.5319147875169836;"mean_ref":2.2949220339457193;"mean":5.81054703394572;"n_ref":3;"n":3;"se":0.3750560430117842;"lo":1.901758846920293;"hi":5.129491153079708;"df":2;"cohens_d":7.65351164394876;"separated":true},["obs_latency_steps__2__r0.json";"obs_latency_steps__2__r1.json";"obs_latency_steps__2__r2.json"],[1.7703121435777236;1.8696855771406602],1.819998860359192,0.019999980926513672,obs_latency_steps__2,3,s2,[0.015347829958383071;0.024858874330338013],0.020103352144360542,0.0019142008000543789,[0.9945202547555804;0.9963951629156232],0.9954577088356018,0.00037734559524979126,[47.81172412414591;48.48059358418742],48.146158854166664,0.13461723081838842,[4.295440393864482;7.325653674026958],5.81054703394572,0.6098632766687604,2.0
obs_latency_steps,[0.009687958819092108;0.012935082825600313],0.01131152082234621,0.0006535189121251248,{"delta":0.0059684136261542635;"rel":1.1170304856335234;"mean_ref":0.005343107196191947;"mean":0.01131152082234621;"n_ref":3;"n":3;"se":0.00040843512117208134;"lo":0.004210917299750798;"hi":0.007725909952557729;"df":2;"cohens_d":11.931366982674934;"separated":true},{"delta":0.6533328294754028;"rel":0.4454544457029159;"mean_ref":1.4666658639907837;"mean":2.1199986934661865;"n_ref":3;"n":3;"se":0.02108183096256929;"lo":0.5626177108434671;"hi":0.7440479481073385;"df":2;"cohens_d":25.303495812182124;"separated":true},{"delta":-13.805338541666664;"rel":-0.24712651487893972;"mean_ref":55.86344528198242;"mean":42.05810674031576;"n_ref":3;"n":3;"se":0.2102687609834502;"lo":-14.474413739116002;"hi":-13.136263344217326;"df":3;"cohens_d":-53.60763845803888;"separated":true},{"delta":8.00781265894572;"rel":3.4893615297150986;"mean_ref":2.2949220339457193;"mean":10.30273469289144;"n_ref":3;"n":3;"se":0.7159610685147721;"lo":4.9270321811266555;"hi":11.088593136764786;"df":2;"cohens_d":9.132272611278221;"separated":true},["obs_latency_steps__3__r0.json";"obs_latency_steps__3__r1.json";"obs_latency_steps__3__r2.json"],[2.033938775539398;2.206058611392975],2.1199986934661865,0.03464098311513015,obs_latency_steps__3,3,s2,[0.03379704196141703;0.06200916430466828],0.047903103133042656,0.005677995501726737,[0.9881960173972375;0.9916236777575884],0.989909847577413,0.0006898538107387337,[41.5845104889759;42.531702991655614],42.05810674031576,0.19063276077034372,[7.272521412728964;13.332947973053916],10.30273469289144,1.2197265533375208,3.0
obs_latency_steps,[0.014224441625949897;0.016160955748680077],0.015192698687314987,0.00038974446318188973,{"delta":0.00984959149112304;"rel":1.8434201541273365;"mean_ref":0.005343107196191947;"mean":0.015192698687314987;"n_ref":3;"n":3;"se":0.00027402647238073617;"lo":0.008977639256007537;"hi":0.010721543726238542;"df":3;"cohens_d":29.3481053351039;"separated":true},{"delta":0.9933325052261353;"rel":0.6772725333112254;"mean_ref":1.4666658639907837;"mean":2.459998369216919;"n_ref":3;"n":3;"se":0.013333320617675781;"lo":0.9509058790206909;"hi":1.0357591314315795;"df":3;"cohens_d":60.82900257917085;"separated":true},{"delta":-18.437501271565758;"rel":-0.3300459035152346;"mean_ref":55.86344528198242;"mean":37.425944010416664;"n_ref":3;"n":3;"se":0.22041927218315624;"lo":-19.138875395652562;"hi":-17.736127147478953;"df":3;"cohens_d":-68.29782441425932;"separated":true},{"delta":8.34960953394572;"rel":3.638297689612583;"mean_ref":2.2949220339457193;"mean":10.64453156789144;"n_ref":3;"n":3;"se":0.831512705139708;"lo":4.7716103637295575;"hi":11.927608704161884;"df":2;"cohens_d":8.198825579463376;"separated":true},["obs_latency_steps__4__r0.json";"obs_latency_steps__4__r1.json";"obs_latency_steps__4__r2.json"],[2.4103116524354506;2.5096850859983872],2.459998369216919,0.019999980926513672,obs_latency_steps__4,3,s2,[0.051987748597154944;0.07510969414900748],0.06354872137308121,0.0046535422339820795,[0.9835333256315179;0.9858633847642951],0.9846983551979065,0.0004689496633290931,[36.87345958522858;37.97842843560475],37.425944010416664,0.22238696137956046,[7.109978946578592;14.179084189204286],10.64453156789144,1.4227340743991652,4.0
servo_damping_scale,[0.000410331952068844;0.0009462150090126806],0.0006782734805407623,0.00010785227533605053,{"delta":-0.004664833715651184;"rel":-0.873056359224054;"mean_ref":0.005343107196191947;"mean":0.0006782734805407623;"n_ref":3;"n":3;"se":0.00016832794322444401;"lo":-0.005389148855345967;"hi":-0.003940518575956402;"df":2;"cohens_d":-22.62738263454566;"separated":true},{"delta":0.059999942779541016;"rel":0.04090907428381932;"mean_ref":1.4666658639907837;"mean":1.5266658067703247;"n_ref":3;"n":3;"se":0.024944358789675936;"lo":-0.047335633092434534;"hi":0.16733551865151658;"df":2;"cohens_d":1.9639610121239315;"separated":false},{"delta":-51.835938692092896;"rel":-0.9279044360841003;"mean_ref":55.86344528198242;"mean":4.027506589889526;"n_ref":3;"n":3;"se":0.18569915379733815;"lo":-52.63500215088284;"hi":-51.03687523330295;"df":2;"cohens_d":-227.9163143492997;"separated":true},{"delta":6207.715006351471;"rel":2704.9786069108345;"mean_ref":2.2949220339457193;"mean":6210.009928385417;"n_ref":3;"n":3;"se":36.2988801236586;"lo":6051.520925179368;"hi":6363.909087523574;"df":2;"cohens_d":139.63455789249417;"separated":true},["servo_damping_scale__0p5__r0.json";"servo_damping_scale__0p5__r1.json";"servo_damping_scale__0p5__r2.json"],[1.4232346578212387;1.6300969557194107],1.5266658067703247,0.04163328028469467,servo_damping_scale__0p5,3,s2,[-0.0020036860822921915;0.011989580202280076],0.004992947059993942,0.0028162965569044547,[0.9910133963689679;0.997372956487986],0.9941931764284769,0.001279930425276344,[3.817370327529228;4.237642852249825],4.027506589889526,0.08458440225904246,[6053.816836421117;6366.203020349717],6210.009928385417,62.87110645443774,0.5
servo_damping_scale,[0.004147330865259747;0.005525551480555753],0.00483644117290775,0.0002773818417071256,{"delta":-0.0005066660232841969;"rel":-0.09482610112058011;"mean_ref":0.005343107196191947;"mean":0.00483644117290775;"n_ref":3;"n":3;"se":0.00022383882760011986;"lo":-0.0012189211727077782;"hi":0.00020558912613938447;"df":3;"cohens_d":-1.848164950286636;"separated":false},{"delta":0.184335748354594;"rel":0.12568353357118314;"mean_ref":1.4666658639907837;"mean":1.6510016123453777;"n_ref":3;"n":3;"se":0.00887596844625966;"lo":0.15609241675859575;"hi":0.21257907995059222;"df":3;"cohens_d":16.95696747747053;"separated":true},{"delta":-2.5236002604166643;"rel":-0.04517444721997121;"mean_ref":55.86344528198242;"mean":53.33984502156576;"n_ref":3;"n":3;"se":0.1960243894285459;"lo":-3.367093208127697;"hi":-1.6801073127056314;"df":2;"cohens_d":-10.511503136244256;"separated":true},{"delta":202.00196313858032;"rel":88.0212748627774;"mean_ref":2.2949220339457193;"mean":204.29688517252603;"n_ref":3;"n":3;"se":2.5924979401530512;"lo":190.84644450210175;"hi":213.1574817750589;"df":2;"cohens_d":63.61968882937755;"separated":true},["servo_damping_scale__0p75__r0.json";"servo_damping_scale__0p75__r1.json";"servo_damping_scale__0p75__r2.json"],[1.6257864523005408;1.6762167723902146],1.6510016123453777,0.010149648691294087,servo_damping_scale__0p75,3,s2,[0.0134606029034989;0.024037227984136652],0.018748915443817776,0.002128660470865891,[0.9970405684247503;0.9978683207099746],0.9974544445673624,0.00016659412201833952,[52.99759483467954;53.682095208451976],53.33984502156576,0.1377631216794966,[193.15522550174165;215.4385448433104],204.29688517252603,4.484759616648771,0.75
servo_damping_scale,[0.005557158597576627;0.009483866447440774],0.0075205125225087,0.0007902925287525268,{"delta":0.0021774053263167534;"rel":0.40751668390044626;"mean_ref":0.005343107196191947;"mean":0.0075205125225087;"n_ref":3;"n":3;"se":0.0004823322012601602;"lo":0.00010192986429428431;"hi":0.004252880788339223;"df":2;"cohens_d":3.685932640587925;"separated":true},{"delta":0.03333330154418945;"rel":0.022727263491010733;"mean_ref":1.4666658639907837;"mean":1.4999991655349731;"n_ref":3;"n":3;"se":0.006666660308837891;"lo":0.004646662235260009;"hi":0.0620199408531189;"df":2;"cohens_d":4.0824829046386295;"separated":true},{"delta":-3.1445299784342424;"rel":-0.05628958190032086;"mean_ref":55.86344528198242;"mean":52.71891530354818;"n_ref":3;"n":3;"se":0.2689293742605824;"lo":-4.000263247331415;"hi":-2.288796709537069;"df":3;"cohens_d":-9.547108727247052;"separated":true},{"delta":-0.9765626589457193;"rel":-0.4255319546811312;"mean_ref":2.2949220339457193;"mean":1.318359375;"n_ref":3;"n":3;"se":0.28471444117576267;"lo":-2.201688899325026;"hi":0.2485635814335876;"df":2;"cohens_d":-2.800560690908666;"separated":false},["servo_damping_scale__1p5__r0.json";"servo_damping_scale__1p5__r1.json";"servo_damping_scale__1p5__r2.json"],[1.4999991655349731;1.4999991655349731],1.4999991655349731,0.0,servo_damping_scale__1p5,3,s2,[0.00014639937488510751;0.02650073624046371],0.013323567807674408,0.005304096031950691,[0.9978693371443293;0.9987668548595566],0.998318096001943,0.00018063517121387677,[51.855912495720915;53.581918111375444],52.71891530354818,0.34737734376746904,[0.22660918579557432;2.4101095642044257],1.318359375,0.439453125,1.5
servo_damping_scale,[0.01012762470403011;0.011502624592595344],0.010815124648312727,0.0002767336355329458,{"delta":0.00547201745212078;"rel":1.0241264588553844;"mean_ref":0.005343107196191947;"mean":0.010815124648312727;"n_ref":3;"n":3;"se":0.00022357122739046197;"lo":0.00476061380656433;"hi":0.00618342109767723;"df":3;"cohens_d":19.984161614098976;"separated":true},{"delta":0.17333316802978516;"rel":0.11818177015325582;"mean_ref":1.4666658639907837;"mean":1.6399990320205688;"n_ref":3;"n":3;"se":0.006666660308837891;"lo":0.1446465287208557;"hi":0.2020198073387146;"df":2;"cohens_d":21.228911104120876;"separated":true},{"delta":-8.230795542399086;"rel":-0.14733777161169392;"mean_ref":55.86344528198242;"mean":47.632649739583336;"n_ref":3;"n":3;"se":0.18952221119167487;"lo":-9.046309617156863;"hi":-7.415281467641309;"df":2;"cohens_d":-35.45978266308466;"separated":true},{"delta":1.0742185910542807;"rel":0.4680850047037758;"mean_ref":2.2949220339457193;"mean":3.369140625;"n_ref":3;"n":3;"se":0.48828124602636347;"lo":-1.0268556105971611;"hi":3.1752927927057226;"df":2;"cohens_d":1.79629222687259;"separated":false},["servo_damping_scale__2__r0.json";"servo_damping_scale__2__r1.json";"servo_damping_scale__2__r2.json"],[1.6399990320205688;1.6399990320205688],1.6399990320205688,0.0,servo_damping_scale__2,3,s2,[0.023732320592784205;0.032104810202138304],0.027918565397461254,0.001685054309696002,[0.9954816767548059;0.9962636759902502],0.9958726763725281,0.00015738582468854286,[47.366721095557466;47.898578383609205],47.632649739583336,0.10704204569851322,[1.3429380261448882;5.395343223855112],3.369140625,0.815590482836429,2.0
